Title,Price,Condition,Shipping,Return,No of Sold
Shop on eBayOpens in a new window or tab,$20.00,Brand New,No Shipping Specified,No Return Specified,0
Apple Watch Series 3 38mm 42mm GPS + WiFi + Cellular Pink Gold Space Gray SilverOpens in a new window or tab,$94.99 to $102.99,Pre-Owned,+$26.96 shipping estimate,No Return Specified,87+ sold
Apple Watch Series 5 40mm 44mm GPS + WiFi + Cellular Gold Gray Silver -Very GoodOpens in a new window or tab,$189.99 to $199.99,Very Good - Refurbished,+$29.43 shipping estimate,No Return Specified,eBay Refurbished
Apple AirPods 3rd Generation With Wireless Charging Case â€ŽMME73AM/AOpens in a new window or tab,$145.98,Open Box,+$28.16 shipping estimate,No Return Specified,355 sold
Apple iPhone X (iPhone 10) 64GB 256GB All Colours Unlocked- Excellent Grade AOpens in a new window or tab,$275.09 to $300.10,Excellent - Refurbished,+$43.45 shipping estimate,No Return Specified,eBay Refurbished
Apple iPhone 11 Pro 64 - 256-Grade A +++ 12 months warranty perfect equal to the newOpens in a new window or tab,$452.25 to $504.84,Pre-Owned,+$7.35 shipping,Free returns,0
Apple MacBook Pro 13 | MacOS Big Sur 2020 | 16GB RAM | 1TB SSD | WARRANTY | Opens in a new window or tab,$574.99,Pre-Owned,+$99.99 shipping,No Return Specified,Apple MacBook Pro 13 | MacOS Big Sur 2020 | 16GB RAM | 1TB SSD | WARRANTY | 
New Genuine Apple Watch Solo Loop Band Strap 38/40/41/42/44/45mm OfficialOpens in a new window or tab,$30.62 to $74.96,Brand New,+$39.15 shipping estimate,No Return Specified,7+ sold
"Apple iPhone Box Empty Original iPhone 13, 13 Mini, 13 Pro, 13 Pro MaxOpens in a new window or tab",$11.12 to $17.87,Pre-Owned,+$37.78 shipping estimate,No Return Specified,0
Apple iPhone SE 1st Generation 16GB /32GB /64Gb /128GB Smartphone Unlocked #1B1 Opens in a new window or tab,$79.99 to $119.99,Pre-Owned,Shipping not specified,No Return Specified,Apple iPhone SE 1st Generation 16GB /32GB /64Gb /128GB Smartphone Unlocked #1B1 
Apple Watch Series 6 (GPS + LTE) - 44mm Blue Aluminum/Blue Sport Band (A2294)Opens in a new window or tab,$280.75,Open Box,+$33.43 shipping estimate,No Return Specified,0
"Apple iPad 6th Gen. 128GB, Wi-Fi, 9.7in - Space GrayOpens in a new window or tab",$204.99,Pre-Owned,Shipping not specified,No Return Specified,Almost gone
APPLE MACBOOK AIR 13â€ 2015 INTEL CORE i5 4GB RAM 128GB SSD! LOADED!Opens in a new window or tab,$200.00,Pre-Owned,Shipping not specified,No Return Specified,Last one
Apple iPhone 13 Pro Max Leather Case With MagSafe (Midnight) MM1H3ZM/AOpens in a new window or tab,$34.98,Open Box,+$25.55 shipping estimate,No Return Specified,Almost gone
 2015 Apple MacBook Air 13 inch / Dual Core i5/ 8GB/ 256GB SSD Mac OS Big SurOpens in a new window or tab,$269.00,Pre-Owned,+$49.91 shipping estimate,No Return Specified, 2015 Apple MacBook Air 13 inch / Dual Core i5/ 8GB/ 256GB SSD Mac OS Big Sur
Gorilla Tempered Glass Screen Protector for iPhone 13 12 11 Pro X XR XS Max MiniOpens in a new window or tab,$1.24 to $4.69,Brand New,+$14.99 shipping,No Return Specified,"5,323+ sold"
Apple MacBook Pro (2012) i5 4GB RAM 500GB HDD Silver Good ConditionOpens in a new window or tab,$174.95,Good - Refurbished,+$50.94 shipping estimate,No Return Specified,eBay Refurbished
Apple iPhone 6s 16gb 32gb 64gb 128gb + Warranty Used regenerated economicOpens in a new window or tab,$83.09 to $145.14,Pre-Owned,Shipping not specified,No Return Specified,5+ watchers
"Apple MacBook Pro 13"" 2013 Retina Core i5 SSD 128gb 256 512gb regenerated Grade BOpens in a new window or tab",$314.47 to $409.13,Pre-Owned,Shipping not specified,No Return Specified,0
Apple MacBook Pro 2018 13 Inch 8GB 256GB - Space GreyOpens in a new window or tab,"$1,000.36",Pre-Owned,Shipping not specified,No Return Specified,0
Good Condition Apple iPhone 5c - 8/16/32GB - All Colors - UNLOCKEDOpens in a new window or tab,$33.00 to $37.00,Pre-Owned,+$13.00 shipping,No Return Specified,11+ watchers
Braided Solo Loop Band Strap for Apple Watch Series 7 6 SE 5 4 42/40/44/41/45mmOpens in a new window or tab,$7.35 to $7.58,Brand New,Free International Shipping,No Return Specified,28+ sold
"2018 Apple MacBook Pro 13â€ 512GB SSD, Intel Core i7, 2.70 GHz, 16GB *READOpens in a new window or tab",$699.00,Pre-Owned,+$76.25 shipping estimate,No Return Specified,0
IPhone 11 Refurbished economic 64-128gb Apple used regeneratedOpens in a new window or tab,$389.04,Pre-Owned,Shipping not specified,No Return Specified,5+ watchers
For Apple Watch Series 7 6 5 4 SE Silicone Sport Band iWatch Strap 40/44/41/45mmOpens in a new window or tab,$3.75 to $3.89,Brand New,+$0.99 shipping,No Return Specified,56+ sold
"Cable lcd lvds screen display for macbook pro 13"" a1278 2012Opens in a new window or tab",$15.67,Pre-Owned,+$52.48 shipping,No Return Specified,Last one
"Apple iPad Pro 2nd Gen. 64GB, Wi-Fi, 12.9 in - GoldOpens in a new window or tab",$331.37,Pre-Owned,Shipping not specified,No Return Specified,0
Apple iPhone 12 Pro & 12 Pro Max Empty box Only. Pick Size & ColorOpens in a new window or tab,$10.99,Pre-Owned,+$13.00 shipping,No Return Specified,0
Phone Case for Apple iPhone 13 Pro Max 12 11 X XR XS 7 8 6S Case Silicone CoverOpens in a new window or tab,$1.05 to $3.14,Brand New,Free International Shipping,No Return Specified,121+ sold
Apple Watch Series 6 GPS + Cellular 44mm Blue Aluminum Case - 10/10 ExcellentOpens in a new window or tab,$239.99,Excellent - Refurbished,+$35.89 shipping estimate,No Return Specified,eBay Refurbished
"Tempered Glass Screen Protector For iPhone 11 12 13 Mini, Pro Max, X, XS Max, XROpens in a new window or tab",$1.86 to $3.74,Brand New,+$6.24 shipping,No Return Specified,"3,719+ sold"
Apple iPhone XR - 64GB/128/256GB - ALL COLOURS - UNLOCKED - Excellent Grade AOpens in a new window or tab,$275.09 to $300.10,Excellent - Refurbished,+$43.45 shipping estimate,No Return Specified,eBay Refurbished
"Tempered Glass Screen Protector For iPhone 13, 12,11 Pro Max Mini  XR X XS MAXOpens in a new window or tab",$1.24 to $3.61,Brand New,+$17.49 shipping,No Return Specified,"5,126+ sold"
"Set of 3 cable antenna wifi bluetooth for imac 21,5"" a1418 2012 2013Opens in a new window or tab",$20.93,Pre-Owned,+$52.48 shipping,No Return Specified,Last one
"Sata hdd 2.5"" hard drive for macbook pro/iMac/macmini 500gb (5400 rpm)Opens in a new window or tab",$20.93,Pre-Owned,+$52.48 shipping,No Return Specified,0
Apple MAC Pro A1289 2009 Processor CPU Board 820-2336-A 630-9402Opens in a new window or tab,$44.95,Pre-Owned,+$27.89 shipping estimate,No Return Specified,Last one
"USED Apple iMac 21.5"" A1311 2011 Core 2 DUO @ 3.06 4GB RAM 500GB HD High SierraOpens in a new window or tab",$99.99,Pre-Owned,+$148.18 shipping estimate,No Return Specified,0
"Screen bezel for contour alu bezel macbook air 13"" a1369 a1466 grade aOpens in a new window or tab",$18.83,Pre-Owned,+$52.48 shipping,No Return Specified,0
"Apple 21.5"" iMac A1311 Delta Power supply 614-0445 ADP-200DFBOpens in a new window or tab",$18.76,Pre-Owned,+$53.41 shipping estimate,No Return Specified,0
Apple Watch SE 40mm GPS+ Cellular Aluminum Case with Sport Band 10/10 ExcellentOpens in a new window or tab,$174.99,Excellent - Refurbished,+$34.36 shipping estimate,No Return Specified,eBay Refurbished
OEM Original Battery Replacement for Apple iPhone 6 6s 6/6s Plus 7 8 7/8 PlusOpens in a new window or tab,$7.95 to $11.69,Refurbished,+$5.99 shipping,No Return Specified,391+ sold
"Tempered Glass Screen Protector For Apple iPad Air 5 10.9"" 5th Generation 2022Opens in a new window or tab",$4.86,Brand New,+$23.75 shipping,No Return Specified,104 sold
Apple iPhone 8 Plus LCD Display Touch Screen White Black ðŸ’¯% Genuine All GradesOpens in a new window or tab,$22.45 to $33.75,Pre-Owned,+$38.24 shipping estimate,No Return Specified,0
Apple iPod Touch 4th GÃ©nÃ©ration (vers la Fin 2010) Noir (64GB) 2001Opens in a new window or tab,$56.38,Pre-Owned,Free International Shipping,No Return Specified,0
Apple carplay bmw nbt evo id5/6Opens in a new window or tab,$26.29 to $57.85,Brand New,Free International Shipping,No Return Specified,37+ watchers
"LCD Screen Display Assembly 13"" | MacBook Air 2013 2014 2015 2017 | A1466 | COpens in a new window or tab",$58.49,Pre-Owned,+$22.00 shipping,No Return Specified,10% off
"Cover Hinges Apple MacBook Pro a1278 13"" inch Cover Hinges LCD ClutchOpens in a new window or tab",$11.04,Pre-Owned,+$11.04 shipping,No Return Specified,0
Apple Beats by Dre Beats Studio Buds Charging Case Replacement Beats Genuine Opens in a new window or tab,$25.39,Pre-Owned,+$27.43 shipping estimate,No Return Specified,0
"360 Rotating Case for Apple iPad 2 3 4 9.7"" 2019 2020 10.2"" Leather Stand CoverOpens in a new window or tab",$4.94,Brand New,Free International Shipping,No Return Specified,0
Apple  A1278 A1286 A1297 607-8958 Airport WIFI+BT4.0 BCM94331PCIEBT4CAXOpens in a new window or tab,$22.00,Pre-Owned,Free International Shipping,No Return Specified,0
Apple 109-C29557-00 Radeon HD 6750 512MB Video CardOpens in a new window or tab,$18.99,Pre-Owned,+$25.18 shipping estimate,No Return Specified,0
For Apple Watch Series 7 6 5 4 3 SE Nylon Sport Loop Band Strap 42/40/44/41/45mmOpens in a new window or tab,$3.35 to $3.49,Brand New,+$0.99 shipping,No Return Specified,22+ sold
"Apple Macbook Pro 15"" A1707 Mid 2017 Silver LCD Display Screen 661-08031Opens in a new window or tab",$368.86,Pre-Owned,+$35.50 shipping estimate,No Return Specified,Last one
Apple TV A1469 8GB HDR 3-rd Generation Digital Media Streamer MD199LL/AOpens in a new window or tab,$23.76,Pre-Owned,+$25.29 shipping estimate,No Return Specified,73 sold
Original A1718 61W USB-C LadegerÃ¤t Adapter fÃ¼r Apple Macbook pro 33cm 2M KabelOpens in a new window or tab,$29.99,Pre-Owned,Free International Shipping,No Return Specified,0
Apple AirPods Max - Space Gray  -   with Apple Warranty-mint in boxOpens in a new window or tab,$379.99,Open Box,+$35.76 shipping estimate,No Return Specified,Last one
Apple iPhone 13 Pro - 128GB - Graphite (Unlocked)Opens in a new window or tab,"$1,000.36",Brand New,Shipping not specified,No Return Specified,0
Apple iPhone 13 128gb Blue MLPK 3ql/a new guarantee Italy 24 monthsOpens in a new window or tab,$763.56,Brand New,Shipping not specified,No Return Specified,Almost gone
Case iPhone 11 12 13 Pro Max XR XS S Mini Case Mobile Phone Pouch Bumper AppleOpens in a new window or tab,$8.36,Brand New,Shipping not specified,No Return Specified,953+ sold
Apple iPhone 13 128gb Starlight mlPg 3ql/a new guarantee Italy 24 monthsOpens in a new window or tab,$763.56,Brand New,Shipping not specified,No Return Specified,43 sold
Apple iPhone XR - (Unlocked) A1984 (GSM) (CA) 64GB/128GB/256GB - Grade BOpens in a new window or tab,$197.66,Very Good - Refurbished,Shipping not specified,No Return Specified,eBay Refurbished
Apple iPhone XS 64GB/256GB Manufacture Unlocked - Canadian Model - Grade BOpens in a new window or tab,$212.44,Very Good - Refurbished,Shipping not specified,No Return Specified,eBay Refurbished
Apple iPhone X 64GB/256GB Manufacture Unlocked - Canadian Model - Grade BOpens in a new window or tab,$204.66,Very Good - Refurbished,Shipping not specified,No Return Specified,eBay Refurbished
Apple iPhone 8  64/256 GB Smartphone (Unlocked)  >>Excellent Condition << Opens in a new window or tab,$155.63 to $163.42,Excellent - Refurbished,Shipping not specified,Free returns,Apple iPhone 8  64/256 GB Smartphone (Unlocked)  >>Excellent Condition << 
"Apple iPhone 7 - Unlocked - 32GB, 128GB, 256GB Canadian Model - Grade BOpens in a new window or tab",$88.71,Very Good - Refurbished,Shipping not specified,No Return Specified,8% off
Apple iPhone XS (64GB / 256GB) Space Gray / Gold (Unlocked) Best Offer !!!! <<Opens in a new window or tab,$280.14,Excellent - Refurbished,Shipping not specified,Free returns,eBay Refurbished
"Apple iPhone 11 - Unlocked - 64GB, 128GB, 256GB - All Colours - CA - Grade BOpens in a new window or tab",$350.18 to $404.65,Very Good - Refurbished,Shipping not specified,No Return Specified,eBay Refurbished
Apple iPhone 8 Plus (Unlocked) A1897 (GSM) (CA) 64GB/256GB - Grade BOpens in a new window or tab,$182.09,Very Good - Refurbished,Shipping not specified,No Return Specified,eBay Refurbished
Apple iPhone 7 32gb Black Very Good + Warranty 12 months + AccessoriesOpens in a new window or tab,$135.68,Very Good - Refurbished,Shipping not specified,No Return Specified,eBay Refurbished
ELF Bar Disposable Device 2ml 2% Nic Salt Buy 3 Get 1 Free (Add 4)Opens in a new window or tab,$7.49,Brand New,Shipping not specified,No Return Specified,905+ sold
Apple iPhone 13 - 256GB - Blue (Unlocked)Opens in a new window or tab,$937.84,Brand New,Shipping not specified,No Return Specified,3 watchers
Apple iPhone X 64GB Factory Unlocked AT&T T-Mobile Smartphone - Very GoodOpens in a new window or tab,$215.00,Very Good - Refurbished,Shipping not specified,No Return Specified,eBay Refurbished
Apple iPhone 11 Pro Max - Unlocked - 64GB / 256GB / 512GB - CA - Grade BOpens in a new window or tab,$474.69 to $560.29,Very Good - Refurbished,Shipping not specified,No Return Specified,eBay Refurbished
Tempered Glass Film For Apple iPhone 13 12 Mini Pro Max 11 XR X XS 8 7 6sOpens in a new window or tab,$2.07,Brand New,Shipping not specified,No Return Specified,540+ sold
New ListingApple iPhone 11 - 64GB - White - Unlocked - MINT  conditionOpens in a new window or tab,$350.13,Pre-Owned,+$45.07 shipping estimate,No Return Specified,0
Apple MacBook Pro 15 inch Retina /Quad Core i7/ 16GB / 256GB SSD OS Catalina Opens in a new window or tab,$379.00,Pre-Owned,+$55.74 shipping estimate,Free returns,Apple MacBook Pro 15 inch Retina /Quad Core i7/ 16GB / 256GB SSD OS Catalina 
