Review,Ratings,ReviewerCompany,Person,SpentAmount,Link
“There were sometimes things that I had to follow up on more than I liked.”,2.5,"                                                                                                            Principal Designer, Health Benefits Company                                                                                                    ",No Person Found,"$50,000 to $199,999",https://clutch.co/profile/mentormate
"""From my experience, they are average.""",2.5,"                                                                                                            Manager, Sign Installation Company                                                                                                    ",No Person Found,"$50,000 to $199,999",https://clutch.co/profile/scopic-0
"""They were unable to deliver the project and meet their obligations.""",1.0,"                                                                                                            Head of Product, SaaS Company                                                                                                    ",No Person Found,"$50,000 to $199,999",https://clutch.co/profile/steelkiwi
"""They ended up representing a pretty significant net-loss for our company that we’re still trying to recover from."" ",1.0,"                                                                                                            COO, The Yoga Abbey                                                                                                    ",Brian Williams,"$50,000 to $199,999",https://clutch.co/profile/camber-creative
""" They should worry less about the money and more about providing quality work.""",0.5,"                                                                                                            E-Commerce Development Manager, AL-HUSSAINI TRADING CO.                                                                                                    ",fahad alhussaini,"$10,000 to $49,999",https://clutch.co/profile/ninehertz
"""Honestly, the services were average and they did not stand out for any specific part of the project.""",2.5,"                                                                                                            Founder, Food Marketplace Startup                                                                                                    ",No Person Found,"Less than $10,000",https://clutch.co/profile/cleveroad
"""Customer service is very bad with this company.""",0.5,"                                                                                                            Owner, DB Appraisals                                                                                                    ",Darryl Bilobrowka,"$10,000 to $49,999",https://clutch.co/profile/freshworks-studio
"“Whenever I had concerns over project status and velocity, they took my questions seriously and answered quickly.”",3.5,"                                                                                                            Former COO, Large Association                                                                                                    ",No Person Found,"$200,000 to $999,999",https://clutch.co/profile/promet-source
“Zco had a lot of problems keeping track of details.”,3.0,"                                                                                                            Director, Educational Consultancy Company                                                                                                    ",No Person Found,"$50,000 to $199,999",https://clutch.co/profile/zco
“Dev Technosys did nothing to rectify the situation — there was no effort to fix the work they’d failed to complete.”,0.5,"                                                                                                            Founder, Grocially                                                                                                    ",Ryan Almonte,"$10,000 to $49,999",https://clutch.co/profile/dev-technosys
"""They worked on our project for so long without admitting that they didn't understand the requirements.""",1.0,"                                                                                                            CEO, Digital Marketing Company                                                                                                    ",No Person Found,"$10,000 to $49,999",https://clutch.co/profile/ateam-soft-solutions
"""The ability to exchange ideas and chat freely with them has been great.""",3.5,"                                                                                                            Product Manager, DNAfit                                                                                                    ",Louis Fawl,Confidential,https://clutch.co/profile/bluegrass-digital
"""I either want Digiryte to finish the app or I refund my money so I can pay someone else to finish it."" ",0.5,"                                                                                                            Director, Oober Fit Ltd                                                                                                    ",Lee Andrew,"$50,000 to $199,999",https://clutch.co/profile/digiryte
"""At this point, I'm not even sure they have the technical expertise to deliver projects for customers.""",1.0,"                                                                                                            Founder & CEO, Home Services Company                                                                                                    ",No Person Found,"$10,000 to $49,999",https://clutch.co/profile/arka-softwares
"""We had to contact another company and the work they did was thrown out.""",0.5,"                                                                                                            CEO, Puloogi Technology LTD                                                                                                    ",Kayode Petinrin,"$10,000 to $49,999",https://clutch.co/profile/arka-softwares
"""BrancoSoft wasn’t following up on the project, nor were they getting any work done.""",0.5,"                                                                                                            CEO & Founder, Construction Material Retailer                                                                                                    ",No Person Found,"Less than $10,000",https://clutch.co/profile/brancosoft
"""When I notified the owner of RVT, I had the most unprofessional response and management of the situation.""",0.5,"                                                                                                            CEO, Advisory & Principal Investment Company                                                                                                    ",No Person Found,"Less than $10,000",https://clutch.co/profile/rv-technologies
“Everything was fine throughout the development. The problems started after I completed the payments.”   ,3.0,"                                                                                                            Owner, Mergeus Shipping                                                                                                    ",Cyber Infrastructure Inc.,"Less than $10,000",https://clutch.co/profile/cisin
"""Their ability to solve problems was zero. It was beyond frustrating.""",2.0,"                                                                                                            Technology Manager, School Communications Company                                                                                                    ",No Person Found,"$200,000 to $999,999",https://clutch.co/profile/spire-digital
"""He had made me feel uncomfortable and out-of-bounds for what I thought were very reasonable concerns.""",2.0,"                                                                                                            Owner, Travel Booking Website                                                                                                    ",No Person Found,"$50,000 to $199,999",https://clutch.co/profile/magnet-co
"""The development was good, but there were miscommunications and some incorrectly built sections.""",1.0,"                                                                                                            CEO, Job Search Platform                                                                                                    ",No Person Found,"$50,000 to $199,999",https://clutch.co/profile/unified-infotech
"""Initially, we loved the communication; however, several team members left shortly after the project started.""",2.5,"                                                                                                            CEO, Service Booking Platform                                                                                                    ",No Person Found,"$50,000 to $199,999",https://clutch.co/profile/unified-infotech
“There were sometimes things that I had to follow up on more than I liked.”,2.5,"                                                                                                            Principal Designer, Health Benefits Company                                                                                                    ",No Person Found,"$50,000 to $199,999",https://clutch.co/profile/mentormate
"""From my experience, they are average.""",2.5,"                                                                                                            Manager, Sign Installation Company                                                                                                    ",No Person Found,"$50,000 to $199,999",https://clutch.co/profile/scopic-0
"""They were unable to deliver the project and meet their obligations.""",1.0,"                                                                                                            Head of Product, SaaS Company                                                                                                    ",No Person Found,"$50,000 to $199,999",https://clutch.co/profile/steelkiwi
"""They ended up representing a pretty significant net-loss for our company that we’re still trying to recover from."" ",1.0,"                                                                                                            COO, The Yoga Abbey                                                                                                    ",Brian Williams,"$50,000 to $199,999",https://clutch.co/profile/camber-creative
